{
  "q1_sb_no_rtg_dsa_CartPole-v0_03-10-2025_22-41-35": {
    "steps": [
      0,
      1,
      2,
      3,
      4,
      5,
      6,
      7,
      8,
      9,
      10,
      11,
      12,
      13,
      14,
      15,
      16,
      17,
      18,
      19,
      20,
      21,
      22,
      23,
      24,
      25,
      26,
      27,
      28,
      29,
      30,
      31,
      32,
      33,
      34,
      35,
      36,
      37,
      38,
      39,
      40,
      41,
      42,
      43,
      44,
      45,
      46,
      47,
      48,
      49,
      50,
      51,
      52,
      53,
      54,
      55,
      56,
      57,
      58,
      59,
      60,
      61,
      62,
      63,
      64,
      65,
      66,
      67,
      68,
      69,
      70,
      71,
      72,
      73,
      74,
      75,
      76,
      77,
      78,
      79,
      80,
      81,
      82,
      83,
      84,
      85,
      86,
      87,
      88,
      89,
      90,
      91,
      92,
      93,
      94,
      95,
      96,
      97,
      98,
      99,
      100,
      101,
      102,
      103,
      104,
      105,
      106,
      107,
      108,
      109,
      110,
      111,
      112,
      113,
      114,
      115,
      116,
      117,
      118,
      119,
      120,
      121,
      122,
      123,
      124,
      125,
      126,
      127,
      128,
      129,
      130,
      131,
      132,
      133,
      134,
      135,
      136,
      137,
      138,
      139,
      140,
      141,
      142,
      143,
      144,
      145,
      146,
      147,
      148,
      149
    ],
    "values": [
      22.952381134033203,
      23.27777862548828,
      37.846153259277344,
      44.0,
      37.0,
      48.77777862548828,
      78.83333587646484,
      82.0,
      58.14285659790039,
      63.42856979370117,
      81.83333587646484,
      79.83333587646484,
      74.83333587646484,
      119.75,
      102.19999694824219,
      62.0,
      90.5999984741211,
      86.80000305175781,
      107.0,
      175.6666717529297,
      156.3333282470703,
      155.3333282470703,
      200.0,
      179.0,
      131.75,
      114.0,
      109.25,
      129.75,
      97.80000305175781,
      80.4000015258789,
      93.0,
      66.0,
      67.14286041259766,
      76.16666412353516,
      60.375,
      59.28571319580078,
      80.4000015258789,
      76.5,
      75.0,
      114.5,
      107.75,
      108.5,
      140.0,
      164.3333282470703,
      100.5,
      146.25,
      139.6666717529297,
      114.5,
      134.6666717529297,
      152.6666717529297,
      144.6666717529297,
      138.25,
      134.6666717529297,
      175.0,
      131.75,
      168.6666717529297,
      187.3333282470703,
      143.6666717529297,
      171.0,
      138.6666717529297,
      101.75,
      107.0,
      111.0,
      132.75,
      108.25,
      94.19999694824219,
      136.0,
      136.3333282470703,
      152.6666717529297,
      166.0,
      200.0,
      125.5,
      200.0,
      182.3333282470703,
      155.3333282470703,
      177.0,
      165.6666717529297,
      200.0,
      148.3333282470703,
      183.6666717529297,
      171.3333282470703,
      173.3333282470703,
      149.3333282470703,
      118.4000015258789,
      135.6666717529297,
      142.3333282470703,
      146.3333282470703,
      100.5,
      107.0,
      164.3333282470703,
      127.75,
      137.0,
      133.6666717529297,
      128.25,
      166.6666717529297,
      120.75,
      148.3333282470703,
      200.0,
      156.3333282470703,
      126.75,
      141.6666717529297,
      136.0,
      124.75,
      135.0,
      137.3333282470703,
      126.5,
      127.25,
      121.5,
      106.75,
      90.0,
      74.66666412353516,
      47.44444274902344,
      39.0,
      37.0,
      35.41666793823242,
      36.08333206176758,
      40.0,
      40.79999923706055,
      51.125,
      40.599998474121094,
      39.45454406738281,
      51.25,
      59.875,
      70.0,
      83.4000015258789,
      95.19999694824219,
      99.19999694824219,
      109.25,
      107.75,
      116.0,
      126.25,
      120.0,
      128.75,
      136.0,
      129.75,
      133.6666717529297,
      134.6666717529297,
      145.0,
      145.3333282470703,
      183.3333282470703,
      200.0,
      198.6666717529297,
      200.0,
      200.0,
      200.0,
      200.0,
      200.0,
      200.0,
      200.0,
      200.0
    ]
  },
  "q1_sb_rtg_na_CartPole-v0_03-10-2025_22-42-35": {
    "steps": [
      0,
      1,
      2,
      3,
      4,
      5,
      6,
      7,
      8,
      9,
      10,
      11,
      12,
      13,
      14,
      15,
      16,
      17,
      18,
      19,
      20,
      21,
      22,
      23,
      24,
      25,
      26,
      27,
      28,
      29,
      30,
      31,
      32,
      33,
      34,
      35,
      36,
      37,
      38,
      39,
      40,
      41,
      42,
      43,
      44,
      45,
      46,
      47,
      48,
      49,
      50,
      51,
      52,
      53,
      54,
      55,
      56,
      57,
      58,
      59,
      60,
      61,
      62,
      63,
      64,
      65,
      66,
      67,
      68,
      69,
      70,
      71,
      72,
      73,
      74,
      75,
      76,
      77,
      78,
      79,
      80,
      81,
      82,
      83,
      84,
      85,
      86,
      87,
      88,
      89,
      90,
      91,
      92,
      93,
      94,
      95,
      96,
      97,
      98,
      99,
      100,
      101,
      102,
      103,
      104,
      105,
      106,
      107,
      108,
      109,
      110,
      111,
      112,
      113,
      114,
      115,
      116,
      117,
      118,
      119,
      120,
      121,
      122,
      123,
      124,
      125,
      126,
      127,
      128,
      129,
      130,
      131,
      132,
      133,
      134,
      135,
      136,
      137,
      138,
      139,
      140,
      141,
      142,
      143,
      144,
      145,
      146,
      147,
      148,
      149
    ],