{
  "ant_v2": {
    "iterations": [
      0,
      1,
      2,
      3,
      4,
      5,
      6,
      7
    ],
    "returns": [
      3922.109375,
      4755.9521484375,
      4827.19677734375,
      4688.0244140625,
      4666.45849609375,
      4803.51953125,
      4052.189208984375,
      4735.97802734375
    ],
    "stds": [
      1524.0540771484375,
      83.66986083984375,
      141.2751922607422,
      88.05696105957031,
      76.16307830810547,
      94.61373901367188,
      1495.0089111328125,
      71.50055694580078
    ],
    "expert_baseline": 4713.6533203125,
    "bc_baseline": 4323.74
  },
  "halfcheetah_v2": {
    "iterations": [
      0,
      1,
      2,
      3,
      4,
      5,
      6,
      7
    ],
    "returns": [
      4124.09228515625,
      4107.21875,
      4068.79541015625,
      4074.160888671875,
      4062.28125,
      4154.90869140625,
      4080.047607421875,
      4177.6142578125
    ],
    "stds": [
      100.35481262207031,
      89.29447174072266,
      55.79051971435547,
      142.1246795654297,
      71.40554809570312,
      96.41629791259766,
      92.00202178955078,
      77.87142181396484
    ],
    "expert_baseline": 4205.7783203125,
    "bc_baseline": 1500
  }
}