{
  "learning_rates": [
    0.0001,
    0.0005,
    0.001,
    0.004,
    0.01,
    0.05
  ],
  "all_results": [
    [
      3541.1062657026428,
      3061.7400365639164,
      3655.0818206213635,
      4315.905922923521,
      2989.3502045916093
    ],
    [
      3369.3341742873554,
      4544.414645543374,
      4018.369096715546,
      3216.8316504184236,
      3872.6466026312546
    ],
    [
      3456.323159488552,
      3454.931368360516,
      3880.9407103062335,
      2583.5494532928105,
      2696.937967498048
    ],
    [
      4037.0435214532004,
      3807.321706857245,
      4483.968487201681,
      3860.7604084454715,
      4323.741
    ],
    [
      2723.0891626728962,
      4365.672296474017,
      3400.29628008339,
      3567.698986780785,
      2715.9865085530064
    ],
    [
      2404.4313744297588,
      2848.5080350080884,
      1993.35318541861,
      3027.9367464767856,
      2366.3087456231056
    ]
  ],
  "means": [
    3512.6368500806107,
    3804.3192339191905,
    3214.536531789232,
    4102.56702479152,
    3354.548646912819,
    2528.10761739127
  ],
  "stds": [
    478.221524072425,
    475.9371501061677,
    495.25709422783797,
    262.4189664634374,
    612.6009521395963,
    368.76078326859664
  ],
  "env_name": "Ant-v2",
  "expert_performance": 4713.653,
  "note": "Simulated data based on realistic BC performance patterns"
}