{
  "q1_sb_rtg_na_CartPole-v0_03-10-2025_21-50-22": {
    "steps": [
      0,
      1,
      2,
      3,
      4,
      5,
      6,
      7,
      8,
      9,
      10,
      11,
      12,
      13,
      14,
      15,
      16,
      17,
      18,
      19,
      20,
      21,
      22,
      23,
      24,
      25,
      26,
      27,
      28,
      29,
      30,
      31,
      32,
      33,
      34,
      35,
      36,
      37,
      38,
      39,
      40,
      41,
      42,
      43,
      44,
      45,
      46,
      47,
      48,
      49,
      50,
      51,
      52,
      53,
      54,
      55,
      56,
      57,
      58,
      59,
      60,
      61,
      62,
      63,
      64,
      65,
      66,
      67,
      68,
      69,
      70,
      71,
      72,
      73,
      74,
      75,
      76,
      77,
      78,
      79,
      80,
      81,
      82,
      83,
      84,
      85,
      86,
      87,
      88,
      89,
      90,
      91,
      92,
      93,
      94,
      95,
      96,
      97,
      98,
      99,
      100,
      101,
      102,
      103,
      104,
      105,
      106,
      107,
      108,
      109,
      110,
      111,
      112,
      113,
      114,
      115,
      116,
      117,
      118,
      119,
      120,
      121,
      122,
      123,
      124,
      125,
      126,
      127,
      128,
      129,
      130,
      131,
      132,
      133,
      134,
      135,
      136,
      137,
      138,
      139,
      140,
      141,
      142,
      143,
      144,
      145,
      146,
      147,
      148,
      149
    ],
    "values": [
      25.294116973876953,
      44.66666793823242,
      50.875,
      74.16666412353516,
      68.0,
      66.28571319580078,
      81.19999694824219,
      122.75,
      94.4000015258789,
      164.6666717529297,
      106.25,
      200.0,
      139.3333282470703,
      136.75,
      165.0,
      179.6666717529297,
      200.0,
      200.0,
      200.0,
      141.6666717529297,
      184.3333282470703,
      175.0,
      193.6666717529297,
      197.6666717529297,
      200.0,
      200.0,
      196.3333282470703,
      200.0,
      200.0,
      200.0,
      200.0,
      200.0,
      200.0,
      160.6666717529297,
      200.0,
      163.6666717529297,
      157.6666717529297,
      165.6666717529297,
      200.0,
      200.0,
      200.0,
      200.0,
      200.0,
      200.0,
      200.0,
      200.0,
      200.0,
      200.0,
      187.3333282470703,
      169.6666717529297,
      189.6666717529297,
      199.6666717529297,
      197.0,
      200.0,
      193.6666717529297,
      192.6666717529297,
      200.0,
      200.0,
      200.0,
      200.0,
      200.0,
      200.0,
      200.0,
      200.0,
      200.0,
      200.0,
      200.0,
      200.0,
      200.0,
      200.0,
      200.0,
      200.0,
      192.6666717529297,
      200.0,
      200.0,
      200.0,
      200.0,
      189.3333282470703,
      167.6666717529297,
      200.0,
      200.0,
      200.0,
      200.0,
      200.0,
      200.0,
      200.0,
      200.0,
      196.3333282470703,
      200.0,
      196.6666717529297,
      200.0,
      200.0,
      200.0,
      200.0,
      200.0,
      200.0,
      200.0,
      199.0,
      200.0,
      200.0,
      154.6666717529297,
      200.0,
      200.0,
      200.0,
      200.0,
      200.0,
      200.0,
      200.0,
      200.0,
      200.0,
      144.0,
      181.6666717529297,
      178.3333282470703,
      200.0,
      200.0,
      200.0,
      200.0,
      164.3333282470703,
      198.3333282470703,
      200.0,
      200.0,
      199.0,
      200.0,
      200.0,
      179.0,
      155.6666717529297,
      192.0,
      190.6666717529297,
      190.0,
      200.0,
      200.0,
      200.0,
      200.0,
      200.0,
      200.0,
      200.0,
      200.0,
      184.3333282470703,
      183.0,
      192.0,
      189.6666717529297,
      180.3333282470703,
      182.6666717529297,
      171.0,
      175.0,
      188.0,
      186.3333282470703,
      192.3333282470703,
      197.0,
      200.0
    ]
  },
  "q1_sb_na_CartPole-v0_03-10-2025_21-59-17": {
    "steps": [
      0,
      1,
      2,
      3,
      4,
      5,
      6,
      7,
      8,
      9,
      10,
      11,
      12,
      13,
      14,
      15,
      16,
      17,
      18,
      19,
      20,
      21,
      22,
      23,
      24,
      25,
      26,
      27,
      28,
      29,
      30,
      31,
      32,
      33,
      34,
      35,
      36,
      37,
      38,
      39,
      40,
      41,
      42,
      43,
      44,
      45,
      46,
      47,
      48,
      49,
      50,
      51,
      52,
      53,
      54,
      55,
      56,
      57,
      58,
      59,
      60,
      61,
      62,
      63,
      64,
      65,
      66,
      67,
      68,
      69,
      70,
      71,
      72,
      73,
      74,
      75,
      76,
      77,
      78,
      79,
      80,
      81,
      82,
      83,
      84,
      85,
      86,
      87,
      88,
      89,
      90,
      91,
      92,
      93,
      94,
      95,
      96,
      97,
      98,
      99,
      100,
      101,
      102,
      103,
      104,
      105,
      106,
      107,
      108,
      109,
      110,
      111,
      112,
      113,
      114,
      115,
      116,
      117,
      118,
      119,
      120,
      121,
      122,
      123,
      124,
      125,
      126,
      127,
      128,
      129,
      130,
      131,
      132,
      133,
      134,
      135,
      136,
      137,
      138,
      139,
      140,
      141,
      142,
      143,
      144,
      145,
      146,
      147,
      148,
      149
    ],